,PSF_e1,PSF_e2,scalelength,model_flux,MAG_u,MAG_g,MAG_r,MAG_i,MAG_z
min,-0.023,-0.0783,0.0,1.6,20.0114,19.7531,18.6185,18.4632,18.3907
max,0.061,0.0272,5.3301,708.4,28.0086,27.7597,27.0513,24.6616,25.5219
mean,0.004224149999999999,-0.0120041,1.2208732,14.487650000000002,25.094871996939556,24.892322359913795,24.225061032388663,23.52397047047047,23.0987574064026
50%,-0.0035,-0.0086,1.11265,5.9,25.143,24.9407,24.41935,23.835549999999998,23.3404
count,2000.0,2000.0,2000.0,2000.0,1307.0,1856.0,1976.0,1998.0,1843.0
